{"cameraMode":{"drawMode":0,"name":"Shaded","section":"Shading Mode"},"sceneLighting":true,"audioPlay":false,"sceneViewState":{"m_AlwaysRefresh":false,"showFog":true,"showSkybox":true,"showFlares":true,"showImageEffects":true,"showParticleSystems":true,"showVisualEffectGraphs":true,"m_FxEnabled":true},"in2DMode":false,"pivot":{"x":0.1725616455078125,"y":-0.12385272979736328,"z":-2.053485870361328},"rotation":{"x":-0.4409297704696655,"y":-0.40553587675094607,"z":0.23341308534145356,"w":-0.7659668922424316},"size":5.7549357414245609,"orthographic":false}